{
   "ids":"339281,339277,339285,324551,339279,338547,338543,337839,339254,339272,339262,324723,339256,322999,305462,324722,309721,314824,331492,325270,334710,334683",
   "sede_coords": [
        [10.487110,-66.867390],
	[10.487850,-66.866620]    
    ],
   "resguardo_secundario_coords": [
	[10.511170,-66.909380] 
   ],
   "vertedero_coords": [],
     "ids_exep": []
}

