{
    "ids": "338562,338544,338569,338564,338542,338647,338559,338561,338565,338548,335228,335254,335253,335210",
    "sede_coords": [
        [10.191370,-67.961420]
	
    ],
    
    "resguardo_secundario_coords": [
        [10.665482,-71.628025]
    ],
    "vertedero_coords": [
	[10.62711, -71.78501]
    ]
}

