{
    "ids":"310616,338567,338553,338562,338544,339152,339166,338569,338564,338542,338647,338559,338561,338565,338548,335228,335254,335253,335210,339160,339161",
    "sede_coords": [
        [10.594678, -71.661703],
		[10.646960, -71.631342]
 	],
    "resguardo_secundario_coords": [
		 [10.552770, -71.671740],
		 [10.664734, -71.627431],
		 [10.663350, -71.693240]
	],
    "vertedero_coords": [
		[10.62711, -71.78501]
	]
}









