{
    "ids": "302005,335250,322991,301848,323144,301931,301873,301897,301975,301891,308190,314809,319378,335216,310630,319326,310550,309705,318796,307304,308189,308187,338640",
    "sede_coords": [
        [10.191370,-67.961420] 
    ],
    "resguardo_secundario_coords": [
        [10.234530,-67.969920],
        [10.172712,-67.929349]
    ],
    "vertedero_coords": [],
    "ids_exep": []
}

